Unit,Type,Sq Ft,Status,Head of Household,HH Size,Move-In,Cert Type,Cert Effective,Next AR Due,Contract Rent,Utility Allowance,Tenant Rent,HAP,Utility Reimb.,Balance
101,2BR,860,Occupied,"Larkspur, Lena",3,08/01/2022,AR,08/01/2026,08/01/2027,1240,110,325,915,0,0
102,2BR,860,Occupied,"Delgado, Marisol",3,06/01/2021,AR,06/01/2026,06/01/2027,1240,110,534,706,0,0
103,2BR,860,Occupied,"Abernathy, Avery",4,02/01/2020,AR,02/01/2026,02/01/2027,1240,110,498,742,0,0
104,2BR,860,Occupied,"Galloway, Gavin",3,02/01/2021,AR,02/01/2026,02/01/2027,1240,110,615,625,0,0
105,1BR,640,Occupied,"Whitfield, Harold",2,04/01/2018,AR,04/01/2026,04/01/2027,1050,85,569,481,0,0
106,2BR,860,Occupied,"Corrigan, Celeste",3,12/01/2014,AR,12/01/2025,12/01/2026,1240,110,259,981,0,0
107,1BR,640,Occupied,"Yarborough, Ximena",2,11/01/2016,AR,11/01/2025,11/01/2026,1050,85,620,430,0,0
108,3BR,1080,Occupied,"Okafor, Grace",3,07/01/2019,AR,07/01/2026,07/01/2027,1480,135,1118,362,0,0
109,2BR,860,Occupied,"Sorensen, Samuel",1,05/01/2016,AR,05/01/2026,05/01/2027,1240,110,835,405,0,0
110,1BR,640,Occupied,"Barrow, Bianca",2,03/01/2024,AR,03/01/2026,03/01/2027,1050,85,715,335,0,0
201,2BR,860,Occupied,"Dunmore, Dana",2,02/01/2022,AR,02/01/2026,02/01/2027,1240,110,756,484,0,0
202,2BR,860,Occupied,"Oyelaran, Owen",4,12/01/2018,AR,12/01/2025,12/01/2026,1240,110,438,802,0,0
203,2BR,860,Occupied,"Petrakis, Elena",2,07/01/2022,AR,07/01/2026,07/01/2027,1240,110,382,858,0,0
204,2BR,860,Occupied,"Zelinski, Yusuf",2,06/01/2017,AR,06/01/2026,06/01/2027,1240,110,224,1016,0,0
205,1BR,640,Occupied,"Montague, Malik",2,09/01/2014,AR,09/01/2026,09/01/2027,1050,85,313,737,0,0
206,2BR,860,Occupied,"Hollis, Andre",3,06/01/2023,AR,06/01/2026,06/01/2027,1240,110,982,258,0,0
207,1BR,640,Occupied,"Ramirez-Cole, Sofia",1,08/01/2020,AR,08/01/2025,08/01/2026,1050,85,235,815,0,0
208,3BR,1080,Occupied,"Fairbanks, Fatima",3,12/01/2022,AR,12/01/2025,12/01/2026,1480,135,617,863,0,0
209,2BR,860,Occupied,"Winslow, Wesley",2,05/01/2022,AR,05/01/2026,05/01/2027,1240,110,386,854,0,0
210,1BR,640,Occupied,"Delacroix, Dmitri",2,09/01/2024,AR,09/01/2026,09/01/2027,1050,85,157,893,0,0
301,2BR,860,Occupied,"Lindqvist, Karin",2,03/01/2026,MI,03/01/2026,03/01/2027,1240,110,1103,137,0,0
302,2BR,860,Occupied,"Underhill, Uriel",3,09/01/2018,AR,09/01/2026,09/01/2027,1240,110,590,650,0,0
303,2BR,860,Occupied,"Ashcombe, Zoe",3,03/01/2021,AR,03/01/2026,03/01/2027,1240,110,511,729,0,0
304,2BR,860,Occupied,"Brooks, Tanya",3,01/01/2022,IR,05/01/2026,01/01/2027,1240,110,615,812,0,0
305,1BR,640,Occupied,"Rasmussen, Rosa",2,04/01/2014,AR,04/01/2026,04/01/2027,1050,85,492,558,0,0
306,2BR,860,Occupied,"Blackwood, Bernard",2,01/01/2022,AR,01/01/2026,01/01/2027,1240,110,454,786,0,0
307,1BR,640,Occupied,"Ostrander, Tyler",1,09/01/2025,AR,09/01/2026,09/01/2027,1050,85,160,890,0,0
308,3BR,1080,Occupied,"Valdivia, Vivian",2,08/01/2023,AR,08/01/2026,08/01/2027,1480,135,611,869,0,0
309,2BR,860,Occupied,"Brooks, Darnell",2,05/01/2024,AR,05/01/2026,05/01/2027,1240,110,918,322,0,0
310,1BR,640,Occupied,"Castellanos, Carlos",2,12/01/2020,AR,12/01/2025,12/01/2026,1050,85,845,205,0,0
401,2BR,860,Occupied,"Thackeray, Tessa",1,03/01/2015,AR,03/01/2026,03/01/2027,1240,110,548,692,0,0
402,2BR,860,Vacant,VACANT,,,,,,1240,110,0,0,0,0
403,2BR,860,Occupied,"Ellison, Elijah",2,09/01/2022,AR,09/01/2026,09/01/2027,1240,110,108,1132,0,0
404,2BR,860,Occupied,"Iverson, Isaac",1,04/01/2017,AR,04/01/2026,04/01/2027,1240,110,370,870,0,0
405,1BR,640,Occupied,"Jablonski, Jasmine",2,06/01/2014,AR,06/01/2026,06/01/2027,1050,85,365,685,0,0
406,2BR,860,Occupied,"Hartigan, Hana",1,08/01/2017,AR,08/01/2026,08/01/2027,1240,110,449,791,0,0
407,1BR,640,Occupied,"Esposito, Esther",1,07/01/2020,AR,07/01/2026,07/01/2027,1050,85,244,806,0,0
408,3BR,1080,Occupied,"Quintero, Quinn",3,11/01/2017,AR,11/01/2025,11/01/2026,1480,135,280,1200,0,0
409,2BR,860,Occupied,"Pembrook, Priya",1,06/01/2020,AR,06/01/2026,06/01/2027,1240,110,557,683,0,0
410,1BR,640,Vacant,VACANT,,,,,,1050,85,0,0,0,0
