Property,Unit,Resident,Rent,Lease Start,Lease End
"1200 Lakeshore Blvd, Madison, WI 53703",101,Greta Thibodeaux,"$1,200/mo",02/01/2026,01/31/2027
"1200 Lakeshore Blvd, Madison, WI 53703",102,Rafael Ingram,"$1,975/mo",03/01/2026,02/28/2027
"1200 Lakeshore Blvd, Madison, WI 53703",103,Malik Bellweather,"$1,150/mo",01/01/2026,12/31/2026
"1200 Lakeshore Blvd, Madison, WI 53703",104,Maeve Pemberton,"$1,200/mo",07/01/2025,Month-to-Month
"1200 Lakeshore Blvd, Madison, WI 53703",201,Lucia Zeller,"$1,150/mo",04/01/2026,03/31/2027
"1200 Lakeshore Blvd, Madison, WI 53703",202,Malik Whitlock,"$1,875/mo",04/01/2026,03/31/2027
"1200 Lakeshore Blvd, Madison, WI 53703",203,Sofia Sorensen,"$1,150/mo",03/01/2026,02/28/2027
"1200 Lakeshore Blvd, Madison, WI 53703",204,VACANT,,,
"75 Pinecrest Ln, Spokane, WA 99201",101,Desmond Juarez,"$1,125/mo",04/01/2026,03/31/2027
"75 Pinecrest Ln, Spokane, WA 99201",103,VACANT,,,
"75 Pinecrest Ln, Spokane, WA 99201",104,Kenji Yarborough,"$1,875/mo",02/01/2026,01/31/2027
"75 Pinecrest Ln, Spokane, WA 99201",201,Priya Underhill,"$1,060/mo",04/01/2026,03/31/2027
"75 Pinecrest Ln, Spokane, WA 99201",202,Mateo Zeller,"$1,450/mo",04/01/2026,03/31/2027
"75 Pinecrest Ln, Spokane, WA 99201",203,Callum Brightwater,"$1,175/mo",03/01/2026,02/28/2027
"75 Pinecrest Ln, Spokane, WA 99201",204,Noor Quintero,"$1,250/mo",03/01/2026,02/28/2027
