Unit,Resident,Rent,Lease Start,Lease End
101,"FAIRBANKS, G.","$1,450.00",04/01/2026,03/31/2027
102,Theo Lindqvist,"$1,900.00",02/01/2026,01/31/2027
103,"BELLWEATHER, D.","$1,500.00",03/01/2026,02/28/2027
104,Malik Whitlock,"$1,450.00",04/01/2026,03/31/2027
201,VACANT,,,
202,Mateo Ingram,"$1,200.00",07/01/2025,06/30/2026
203,"ASHGROVE, W.","$1,200.00",01/01/2026,12/31/2026
204,"DUNMORE, L.","$1,575.00",05/01/2026,04/30/2027
301,"PEMBERTON, D.","$1,500.00",03/01/2026,02/28/2027
302,"THIBODEAUX, T.","$1,175.00",04/01/2026,03/31/2027
