Unit,Resident Name,Tenant Portion,HAP,Lease Begin,Lease End
A-101,VACANT,,,,
A-102,Yara Nakamura,1450.00,0.00,05/01/2026,04/30/2027
A-103,Malik Ashgrove,1900.00,0.00,02/01/2026,01/31/2027
A-104,VACANT,,,,
A-201,Maeve Whitlock,570.00,855.00,05/01/2026,04/30/2027
A-202,Mateo Nakamura,1525.00,0.00,03/01/2026,12/31/2026
A-203,Hannah Thibodeaux,450.00,675.00,04/01/2026,03/31/2027
A-204,Hollis Zeller,1475.00,0.00,04/01/2026,03/31/2027
A-301,Celeste Nakamura,1850.00,0.00,01/01/2026,12/31/2026
A-302,Wren Ashgrove,1200.00,0.00,01/01/2026,12/31/2026
