Unit,Tenant,Rent,Lease Start,Lease End
101,Hollis Sorensen,"$1,500.00",01/01/2026,12/31/2026
102,Bastian Nakamura,"$1,450.00",01/01/2026,12/31/2026
103,Desmond Everhart,"$1,100.00",01/01/2026,12/31/2026
104,VACANT,,,
201,Jordan Kowalczyk,"$1,900.00",07/01/2025,06/30/2026
202,Avery Dunmore,"$1,895.00",06/01/2025,05/31/2027
203,Hannah Yarborough,"$1,520.00",06/01/2025,05/31/2027
204,Avery Castellano,"$1,425.00",04/01/2026,03/31/2027
301,Avery Everhart,"$1,825.00",02/01/2026,01/31/2027
302,Jordan Sorensen,"$1,475.00",02/01/2026,01/31/2027
